id,first_name,last_name,email,gender,ip_address
1,Eda,Fehners,efehners0@digg.com,Female,61.143.244.49
2,Scott,Ragat,sragat1@pinterest.com,Male,33.121.236.101
3,Alf,Letch,aletch2@wunderground.com,Male,205.5.2.255
4,Anthony,Gouldbourn,agouldbourn3@sina.com.cn,Male,91.131.147.29
5,Keslie,Vermer,kvermer4@google.com.au,Bigender,148.50.87.205
6,Wye,Crutch,wcrutch5@virginia.edu,Male,105.50.175.242
7,Pyotr,Osipenko,posipenko6@narod.ru,Male,207.128.56.156
8,Penrod,Simone,psimone7@dedecms.com,Male,39.252.48.82
9,Lew,Beville,lbeville8@archive.org,Male,119.215.159.72
10,Leonie,Thick,lthick9@miitbeian.gov.cn,Female,106.182.82.55
11,Ade,Pudsall,apudsalla@tamu.edu,Male,100.221.231.10
12,Ileana,MacIlhargy,imacilhargyb@spotify.com,Non-binary,127.62.62.102
13,Rinaldo,Redish,rredishc@addtoany.com,Male,135.118.182.109
14,Eva,Rowswell,erowswelld@go.com,Female,144.63.55.135
15,Emmey,Spargo,espargoe@about.com,Female,140.27.219.96
16,Walt,Capponeer,wcapponeerf@miitbeian.gov.cn,Male,207.215.201.200
17,Ichabod,Gerrit,igerritg@macromedia.com,Male,14.187.183.117
18,Ruth,Gedney,rgedneyh@apple.com,Female,65.78.233.240
19,Marjorie,Manueau,mmanueaui@gnu.org,Female,216.245.138.103
20,Brit,Hoopper,bhoopperj@elpais.com,Male,233.186.34.17
21,Jeane,Dreinan,jdreinank@com.com,Female,220.93.196.177
22,Joseph,Philippeaux,jphilippeauxl@adobe.com,Male,99.193.210.64
23,Cayla,Hurt,churtm@bbb.org,Female,45.233.159.251
24,Deeann,Rupert,drupertn@dmoz.org,Female,179.102.231.76
25,Yvor,Cardenosa,ycardenosao@aboutads.info,Male,42.130.209.105
26,Desmund,MacAless,dmacalessp@state.tx.us,Male,87.187.8.124
27,Sauncho,Botterell,sbotterellq@miitbeian.gov.cn,Agender,47.78.242.215
28,Sidnee,Tilney,stilneyr@hud.gov,Male,10.161.80.98
29,Wendi,Jeannot,wjeannots@time.com,Female,212.9.129.136
30,Mort,McKeady,mmckeadyt@instagram.com,Male,88.135.116.183
31,Nanette,Gilffilland,ngilffillandu@mac.com,Female,81.108.29.134
32,Jeno,Shurville,jshurvillev@fema.gov,Non-binary,189.187.79.231
33,Jilli,Dabels,jdabelsw@netscape.com,Female,131.12.247.250
34,Marty,Juggings,mjuggingsx@last.fm,Female,154.198.172.78
35,Nichols,Mathy,nmathyy@sbwire.com,Male,17.131.179.170
36,Darby,Jendrich,djendrichz@cocolog-nifty.com,Genderqueer,0.214.48.157
37,Barb,Woolner,bwoolner10@spotify.com,Female,40.236.57.39
38,Waly,Creedland,wcreedland11@wisc.edu,Female,69.8.60.238
39,Aime,Bradden,abradden12@usatoday.com,Female,129.129.22.36
40,Denny,McClements,dmcclements13@elegantthemes.com,Female,182.142.162.67
41,Walton,Ritchard,writchard14@sfgate.com,Male,239.31.161.22
42,Alanna,Gepheart,agepheart15@slashdot.org,Female,113.124.179.232
43,Myer,Leat,mleat16@flavors.me,Male,222.102.141.160
44,Germaine,Fawson,gfawson17@studiopress.com,Female,56.178.183.88
45,Harmonia,Chiommienti,hchiommienti18@canalblog.com,Agender,206.117.232.33
46,Madelin,McCallister,mmccallister19@webmd.com,Female,226.212.190.232
47,Verine,Gloves,vgloves1a@dmoz.org,Female,154.122.17.80
48,Alonzo,Mosdell,amosdell1b@japanpost.jp,Genderfluid,142.164.7.98
49,Kale,D'Alwis,kdalwis1c@kickstarter.com,Genderqueer,169.174.255.129
50,Ravid,Normanell,rnormanell1d@reference.com,Male,85.241.105.152
51,Alvira,Dyke,adyke1e@adobe.com,Non-binary,176.146.203.239
52,Victoir,Rymill,vrymill1f@about.com,Male,133.217.168.240
53,Kimberli,Stitt,kstitt1g@nbcnews.com,Genderqueer,179.111.82.216
54,Mychal,Phalip,mphalip1h@virginia.edu,Male,119.78.108.184
55,Talia,Vanlint,tvanlint1i@artisteer.com,Female,77.63.174.71
56,Gibb,Ashling,gashling1j@comsenz.com,Male,223.72.220.101
57,Magdalena,Favill,mfavill1k@furl.net,Female,204.234.47.184
58,Carroll,Carme,ccarme1l@surveymonkey.com,Female,147.0.58.82
59,Lurline,McElvogue,lmcelvogue1m@altervista.org,Female,95.140.181.126
60,Lodovico,Belchem,lbelchem1n@pbs.org,Male,184.60.195.136
61,Klarrisa,Chasle,kchasle1o@zdnet.com,Female,56.165.48.126
62,Ileana,Patriskson,ipatriskson1p@artisteer.com,Female,27.98.160.242
63,Berke,Dusting,bdusting1q@nsw.gov.au,Male,189.225.83.105
64,Maible,Siddall,msiddall1r@netvibes.com,Female,90.231.16.254
65,Loree,Cheake,lcheake1s@boston.com,Female,152.158.222.90
66,Fonzie,Huckel,fhuckel1t@phoca.cz,Male,52.11.70.231
67,Tami,Horrigan,thorrigan1u@alexa.com,Female,210.96.35.81
68,Gweneth,Insworth,ginsworth1v@cdbaby.com,Female,133.64.33.187
69,Leah,O' Donohoe,lodonohoe1w@tripod.com,Polygender,239.215.245.223
70,Douglas,Inchboard,dinchboard1x@upenn.edu,Male,192.54.178.231
71,Ken,Fuentez,kfuentez1y@weebly.com,Male,219.17.152.33
72,Correy,Paddingdon,cpaddingdon1z@accuweather.com,Female,255.167.250.148
73,Shandie,Grouse,sgrouse20@ted.com,Female,117.238.242.179
74,Jessi,Bing,jbing21@histats.com,Female,177.188.231.242
75,Sax,McDugal,smcdugal22@squarespace.com,Male,175.123.55.7
76,Alastair,Dowdeswell,adowdeswell23@ucoz.ru,Male,196.144.142.60
77,Cynthea,Nequest,cnequest24@dion.ne.jp,Female,205.67.154.180
78,Merissa,Polglase,mpolglase25@gmpg.org,Female,80.167.118.20
79,Mahmud,Saunderson,msaunderson26@over-blog.com,Bigender,34.102.196.89
80,Jethro,Drysdale,jdrysdale27@fema.gov,Male,255.15.253.80
81,Mildred,Durden,mdurden28@unblog.fr,Female,16.17.251.52
82,Garald,Bricknall,gbricknall29@stanford.edu,Male,162.44.227.238
83,Eduard,Reasce,ereasce2a@google.fr,Male,93.6.158.145
84,Peder,Hugh,phugh2b@comcast.net,Male,239.15.236.122
85,Sabina,Lowdwell,slowdwell2c@free.fr,Female,219.69.29.226
86,Jessamyn,O'Fihily,jofihily2d@rediff.com,Female,127.86.133.239
87,Job,Campion,jcampion2e@networksolutions.com,Male,244.107.172.110
88,Georgena,Nolte,gnolte2f@vk.com,Female,147.38.32.43
89,Duffie,Greenlies,dgreenlies2g@t.co,Male,41.102.153.240
90,Ogdan,Geraud,ogeraud2h@sohu.com,Male,127.174.222.168
91,Land,Winslet,lwinslet2i@imgur.com,Male,112.99.71.166
92,Menard,McPolin,mmcpolin2j@opensource.org,Genderqueer,137.8.71.249
93,Leighton,Kleszinski,lkleszinski2k@ucoz.com,Male,22.6.173.1
94,Katy,Jahnke,kjahnke2l@bloomberg.com,Female,3.254.14.67
95,Daryle,Camerati,dcamerati2m@cdc.gov,Male,214.82.221.99
96,Anna-maria,Pinnion,apinnion2n@ustream.tv,Female,83.135.243.209
97,Jerrilyn,Attrill,jattrill2o@topsy.com,Female,67.228.225.138
98,Murial,Gantlett,mgantlett2p@sfgate.com,Female,38.189.238.189
99,Ysabel,Fortescue,yfortescue2q@infoseek.co.jp,Female,201.192.202.123
100,Ida,Horsell,ihorsell2r@blogspot.com,Genderqueer,1.40.77.54
101,Nessi,Vallentin,nvallentin2s@smh.com.au,Female,65.151.160.102
102,Moises,Holwell,mholwell2t@foxnews.com,Male,50.96.47.213
103,Bill,Dennett,bdennett2u@epa.gov,Male,249.231.233.163
104,Kellsie,Matula,kmatula2v@bbb.org,Female,166.152.56.157
105,Gerek,Jillions,gjillions2w@reference.com,Male,247.92.211.200
106,Broddie,Kingscote,bkingscote2x@a8.net,Male,173.214.83.0
107,Alayne,Malim,amalim2y@oaic.gov.au,Female,74.135.64.118
108,Dun,Le Strange,dlestrange2z@naver.com,Male,172.177.169.115
109,Kile,Scoon,kscoon30@paypal.com,Male,102.100.236.236
110,Letty,Selland,lselland31@youku.com,Polygender,115.203.90.164
111,Michel,Joyner,mjoyner32@goo.ne.jp,Female,51.88.179.70
112,Mira,Brewerton,mbrewerton33@addthis.com,Female,95.69.78.216
113,Garold,Yoseloff,gyoseloff34@hibu.com,Male,171.85.31.54
114,Rodrick,Ivic,rivic35@ycombinator.com,Male,220.160.242.157
115,Michaelina,Bonafant,mbonafant36@gmpg.org,Female,66.65.32.8
116,Hewet,Pautot,hpautot37@pen.io,Male,37.175.90.7
117,Erma,Alldridge,ealldridge38@weebly.com,Agender,12.89.130.71
118,Josias,Revely,jrevely39@senate.gov,Male,190.18.131.75
119,Zorina,Trattles,ztrattles3a@naver.com,Female,17.210.253.92
120,Adelina,Hewins,ahewins3b@washington.edu,Female,175.11.209.112
121,Emmott,Shayes,eshayes3c@discuz.net,Male,143.126.224.149
122,Aileen,Casserley,acasserley3d@blogs.com,Female,22.97.171.232
123,Gustavo,Arnaldi,garnaldi3e@china.com.cn,Male,169.227.53.142
124,Christan,Hercules,chercules3f@apache.org,Female,146.240.136.87
125,Thebault,Kirvin,tkirvin3g@whitehouse.gov,Male,99.232.191.30
126,Roddie,Stairmond,rstairmond3h@si.edu,Male,127.131.177.164
127,Philippa,Muncey,pmuncey3i@diigo.com,Genderfluid,208.173.190.102
128,Gradeigh,Arran,garran3j@umn.edu,Male,124.82.153.55
129,Shannen,Schapiro,sschapiro3k@vk.com,Female,144.200.163.8
130,Sal,Stormonth,sstormonth3l@huffingtonpost.com,Male,19.186.206.143
131,Inez,MacAllen,imacallen3m@ftc.gov,Female,74.28.93.92
132,Selia,Stannah,sstannah3n@studiopress.com,Female,57.201.154.147
133,Vanny,Cleife,vcleife3o@freewebs.com,Female,41.60.69.32
134,Zebulen,Fulop,zfulop3p@accuweather.com,Male,47.231.6.8
135,Ado,De Wolfe,adewolfe3q@npr.org,Male,253.173.41.34
136,Cecelia,O'Dooghaine,codooghaine3r@unesco.org,Female,95.228.164.143
137,Gilbertine,Cottage,gcottage3s@nba.com,Female,104.139.0.146
138,Denver,Acheson,dacheson3t@jigsy.com,Male,30.183.254.40
139,Tandy,Asbrey,tasbrey3u@yahoo.com,Female,10.154.248.199
140,Modesty,Reymers,mreymers3v@cnet.com,Female,148.234.141.109
141,Donielle,Larrington,dlarrington3w@intel.com,Female,41.40.32.246
142,Naoma,Stening,nstening3x@virginia.edu,Female,2.16.31.94
143,Iorgos,Wyllie,iwyllie3y@cbsnews.com,Male,17.128.47.218
144,Ronda,Harroll,rharroll3z@ft.com,Female,56.238.234.3
145,Ebeneser,Gipps,egipps40@shareasale.com,Non-binary,21.23.140.143
146,Fancie,Gladyer,fgladyer41@opensource.org,Female,227.4.33.226
147,Kristo,Jedraszek,kjedraszek42@comsenz.com,Male,14.176.175.236
148,Hilde,Key,hkey43@smh.com.au,Female,225.87.79.193
149,Doti,Coe,dcoe44@moonfruit.com,Female,251.27.131.187
150,Gabrielle,Crowcum,gcrowcum45@mashable.com,Female,78.116.156.208
151,Kermy,Rixon,krixon46@rakuten.co.jp,Male,115.92.81.136
152,Sterling,Clemas,sclemas47@businesswire.com,Male,129.190.37.18
153,Maighdiln,Kleewein,mkleewein48@booking.com,Female,189.18.54.82
154,Ninette,Enterlein,nenterlein49@imageshack.us,Female,130.232.107.65
155,Lindy,Conti,lconti4a@economist.com,Male,167.159.145.242
156,Bunnie,Hoble,bhoble4b@techcrunch.com,Female,124.6.212.212
157,Erwin,Antoniades,eantoniades4c@blogger.com,Bigender,55.21.50.171
158,Syd,Perren,sperren4d@fc2.com,Male,194.139.233.149
159,Jasen,Sedgemore,jsedgemore4e@i2i.jp,Male,58.91.224.90
160,Falito,Adel,fadel4f@google.it,Male,218.168.184.155
161,Darleen,Hunnicot,dhunnicot4g@instagram.com,Female,146.63.84.182
162,Hymie,Whieldon,hwhieldon4h@noaa.gov,Male,246.206.231.36
163,Madelon,Beynke,mbeynke4i@fc2.com,Female,143.29.161.25
164,Kenneth,Ragles,kragles4j@unc.edu,Male,38.48.161.227
165,Itch,Thewless,ithewless4k@kickstarter.com,Male,153.116.14.164
166,Giavani,Tunnicliffe,gtunnicliffe4l@joomla.org,Male,93.87.85.200
167,Horten,Woofendell,hwoofendell4m@archive.org,Male,50.112.241.40
168,Nanny,Redrup,nredrup4n@intel.com,Female,172.70.86.25
169,Eugene,Byrne,ebyrne4o@wikispaces.com,Male,230.21.253.90
170,Meredeth,Songest,msongest4p@foxnews.com,Male,138.159.218.253
171,Isidor,Portman,iportman4q@epa.gov,Male,144.48.117.241
172,Jackson,Majury,jmajury4r@wordpress.org,Bigender,115.125.77.70
173,Evania,Sebyer,esebyer4s@free.fr,Non-binary,219.226.64.143
174,Candide,Luckings,cluckings4t@ifeng.com,Genderfluid,134.183.218.7
175,Toni,Money,tmoney4u@altervista.org,Female,199.57.73.202
176,Melessa,Forster,mforster4v@lulu.com,Female,115.115.186.103
177,Templeton,Meadley,tmeadley4w@tinypic.com,Male,63.65.64.149
178,Aila,Biagioni,abiagioni4x@digg.com,Female,49.231.87.5
179,Amber,Zecchii,azecchii4y@de.vu,Female,61.182.247.120
180,Even,Arlow,earlow4z@foxnews.com,Male,169.164.159.176
181,Dodie,Meeron,dmeeron50@symantec.com,Female,20.79.17.7
182,Kipp,Gotfrey,kgotfrey51@soup.io,Male,186.73.165.25
183,Leanna,Pleven,lpleven52@cbslocal.com,Female,22.78.211.162
184,Dee dee,Proctor,dproctor53@hugedomains.com,Female,144.251.159.49
185,Carlo,Rudsdale,crudsdale54@google.nl,Male,218.79.79.20
186,Tynan,Glenny,tglenny55@prnewswire.com,Male,135.17.148.170
187,Venita,Worledge,vworledge56@goo.ne.jp,Female,25.233.251.10
188,Erastus,Sillars,esillars57@washington.edu,Male,1.151.112.48
189,Tarrance,Mechan,tmechan58@redcross.org,Male,153.135.41.9
190,Rosemaria,Scotney,rscotney59@devhub.com,Female,98.157.13.40
191,Jessy,Owtram,jowtram5a@vimeo.com,Polygender,181.159.236.46
192,Lauree,Cathie,lcathie5b@huffingtonpost.com,Female,81.248.134.207
193,Mandy,Ivashnyov,mivashnyov5c@blog.com,Female,247.205.209.215
194,Georges,Haverty,ghaverty5d@hud.gov,Male,242.161.38.170
195,Willdon,Umbers,wumbers5e@unc.edu,Male,214.58.126.206
196,Brittne,Fricker,bfricker5f@miibeian.gov.cn,Genderfluid,183.13.180.14
197,Dallas,Sieghard,dsieghard5g@fotki.com,Male,243.129.5.102
198,Sapphira,Deinhardt,sdeinhardt5h@lycos.com,Female,66.95.107.166
199,Estrellita,Klehyn,eklehyn5i@imdb.com,Female,151.207.123.245
200,Meta,Giacomasso,mgiacomasso5j@trellian.com,Female,7.85.127.3
201,Jay,Tayloe,jtayloe5k@furl.net,Male,96.35.125.87
202,Joyous,Coling,jcoling5l@tinyurl.com,Female,149.166.213.64
203,Kacy,Haspineall,khaspineall5m@cbc.ca,Female,130.6.209.251
204,Carlo,Corkhill,ccorkhill5n@vk.com,Male,104.110.186.79
205,Myrtice,Thorn,mthorn5o@canalblog.com,Female,164.183.8.31
206,Kare,Huddles,khuddles5p@fc2.com,Female,234.166.184.48
207,Kiele,Schapiro,kschapiro5q@instagram.com,Female,132.173.109.106
208,Morie,Screach,mscreach5r@list-manage.com,Male,161.105.141.124
209,Darcie,Dudman,ddudman5s@cbslocal.com,Female,152.222.125.124
210,Hadleigh,Shoreman,hshoreman5t@xrea.com,Male,247.217.196.41
211,Belicia,Sausman,bsausman5u@skype.com,Female,113.67.15.111
212,Pasquale,Espy,pespy5v@behance.net,Bigender,144.213.180.157
213,Bernete,Illes,billes5w@jugem.jp,Female,200.156.142.177
214,Creigh,Runham,crunham5x@jalbum.net,Polygender,116.186.140.209
215,Fanya,Coling,fcoling5y@tiny.cc,Female,130.107.152.100
216,Micaela,Newgrosh,mnewgrosh5z@tamu.edu,Female,110.234.166.21
217,Penny,Hubane,phubane60@dyndns.org,Male,209.16.126.157
218,Dareen,Sarten,dsarten61@digg.com,Female,57.12.131.173
219,Aimil,Metherell,ametherell62@cnn.com,Female,210.141.241.70
220,Marcel,Haken,mhaken63@craigslist.org,Male,30.131.128.118
221,Murdock,Hiland,mhiland64@photobucket.com,Male,70.222.176.60
222,Mohandis,Siggery,msiggery65@acquirethisname.com,Male,106.96.78.208
223,Wenda,Crolly,wcrolly66@usatoday.com,Female,224.135.81.135
224,Ellynn,Adey,eadey67@unesco.org,Female,207.213.231.114
225,Roseline,Kittredge,rkittredge68@so-net.ne.jp,Genderqueer,80.30.151.82
226,Astrix,Lackington,alackington69@statcounter.com,Female,25.94.128.219
227,Stepha,Tregonna,stregonna6a@oaic.gov.au,Female,197.158.25.139
228,Humfried,Winteringham,hwinteringham6b@spotify.com,Male,129.183.118.58
229,Shelly,Thody,sthody6c@disqus.com,Female,174.229.60.32
230,Ameline,Hauxwell,ahauxwell6d@godaddy.com,Female,253.169.168.229
231,Moe,Burn,mburn6e@merriam-webster.com,Male,192.92.21.181
232,Jane,Baseggio,jbaseggio6f@examiner.com,Female,214.17.130.99
233,Orion,Woodthorpe,owoodthorpe6g@people.com.cn,Male,35.184.242.10
234,Gabriela,Figiovanni,gfigiovanni6h@aboutads.info,Female,6.104.209.1
235,Rozanna,Hadwen,rhadwen6i@drupal.org,Female,115.192.21.74
236,Jessie,Pyford,jpyford6j@symantec.com,Female,183.135.195.247
237,Lisabeth,Le Breton De La Vieuville,llebretondelavieuville6k@slashdot.org,Female,158.70.27.94
238,Stanley,Saing,ssaing6l@imgur.com,Male,63.24.197.239
239,Erl,Fumagallo,efumagallo6m@nps.gov,Male,83.20.67.133
240,Towney,Moyse,tmoyse6n@t-online.de,Bigender,188.193.88.4
241,Anthiathia,Bilsborrow,abilsborrow6o@narod.ru,Female,86.0.177.174
242,Kala,Curme,kcurme6p@irs.gov,Female,207.70.12.139
243,Jany,Berthelmot,jberthelmot6q@nasa.gov,Female,203.70.32.176
244,Blanch,Arnoldi,barnoldi6r@merriam-webster.com,Female,186.242.247.105
245,Emerson,McCunn,emccunn6s@patch.com,Male,244.239.123.209
246,Trevar,Costard,tcostard6t@google.nl,Male,188.197.56.239
247,Cordula,Alwen,calwen6u@nba.com,Female,181.170.60.186
248,Herbie,Cowdray,hcowdray6v@yelp.com,Male,132.39.71.73
249,Devy,Mattson,dmattson6w@newsvine.com,Male,81.152.70.88
250,Tally,Glawsop,tglawsop6x@weather.com,Genderfluid,16.220.169.131
251,Beatrice,Cargenven,bcargenven6y@opensource.org,Female,112.176.150.25
252,Nathalie,Chomicki,nchomicki6z@dropbox.com,Female,230.116.54.65
253,Borden,Getty,bgetty70@webnode.com,Male,239.108.34.32
254,Laurence,McOmish,lmcomish71@about.com,Male,249.136.10.214
255,Pieter,Throughton,pthroughton72@squarespace.com,Male,121.186.81.216
256,Lydon,Bridgnell,lbridgnell73@amazonaws.com,Male,223.50.125.187
257,Gerrie,Dukes,gdukes74@ucoz.ru,Female,56.27.144.53
258,Jacki,Matthaus,jmatthaus75@meetup.com,Female,35.44.86.97
259,Marsh,Beswetherick,mbeswetherick76@eepurl.com,Male,78.63.68.93
260,Krissie,Guiot,kguiot77@biblegateway.com,Female,68.45.183.5
261,Broddy,Blanc,bblanc78@java.com,Male,140.96.5.17
262,Cati,Fishe,cfishe79@homestead.com,Female,162.163.219.152
263,Claiborn,Bowater,cbowater7a@wsj.com,Male,233.222.13.105
264,Timoteo,Dunseath,tdunseath7b@wikimedia.org,Male,214.90.179.185
265,Lin,Pressnell,lpressnell7c@time.com,Female,101.236.5.192
266,Ricky,Adin,radin7d@pinterest.com,Male,171.171.45.105
267,Brittani,Goggey,bgoggey7e@mapquest.com,Female,215.231.136.84
268,Cullie,Yeats,cyeats7f@lycos.com,Male,26.160.105.164
269,Cristi,Harmeston,charmeston7g@virginia.edu,Female,58.200.219.89
270,Napoleon,Felix,nfelix7h@dagondesign.com,Male,120.43.241.41
271,Ginelle,Doctor,gdoctor7i@hugedomains.com,Female,149.18.63.155
272,Ruy,Joseland,rjoseland7j@google.com,Male,74.164.58.62
273,Birgit,MacCague,bmaccague7k@japanpost.jp,Female,246.133.210.29
274,Paulette,Clutton,pclutton7l@comsenz.com,Female,7.39.157.42
275,Isa,Jenman,ijenman7m@vkontakte.ru,Male,203.57.225.255
276,Llewellyn,Worsalls,lworsalls7n@theguardian.com,Male,11.54.2.80
277,Gardner,MacCoughan,gmaccoughan7o@cargocollective.com,Male,47.159.227.129
278,Belia,Cuschieri,bcuschieri7p@yahoo.co.jp,Female,99.242.171.11
279,Dilan,Emeline,demeline7q@webeden.co.uk,Male,238.69.24.53
280,Silvan,Haggus,shaggus7r@pcworld.com,Male,198.255.179.227
281,Petronilla,Spedding,pspedding7s@fema.gov,Female,181.223.107.251
282,Pandora,Lewsam,plewsam7t@huffingtonpost.com,Female,26.58.49.7
283,Blondell,Bichard,bbichard7u@multiply.com,Female,162.224.219.127
284,Jefferson,Maddra,jmaddra7v@google.pl,Male,0.23.128.254
285,Tremayne,Gutowski,tgutowski7w@arizona.edu,Male,115.166.130.8
286,Mariska,Jopling,mjopling7x@mysql.com,Female,31.195.119.149
287,Ximenez,Gieraths,xgieraths7y@drupal.org,Male,116.192.49.237
288,Arvie,Seaborn,aseaborn7z@e-recht24.de,Male,188.186.159.79
289,Alexa,Tracey,atracey80@oaic.gov.au,Female,2.21.107.47
290,Lidia,Gordon,lgordon81@seesaa.net,Female,255.246.174.87
291,Conn,Gaylord,cgaylord82@booking.com,Male,134.34.175.7
292,Jyoti,Adnam,jadnam83@cnn.com,Female,137.222.222.83
293,Reeba,Gerard,rgerard84@example.com,Female,3.106.180.238
294,Hermon,Philips,hphilips85@yellowbook.com,Male,56.53.49.105
295,Tobit,Boules,tboules86@blog.com,Male,180.166.116.210
296,Abeu,Piercey,apiercey87@blogtalkradio.com,Non-binary,194.252.192.245
297,Herman,Tulloch,htulloch88@slate.com,Male,38.113.204.55
298,Lora,Heaphy,lheaphy89@baidu.com,Female,11.43.109.86
299,Norman,Kasparski,nkasparski8a@wikispaces.com,Male,130.132.167.211
300,Dusty,Kolinsky,dkolinsky8b@huffingtonpost.com,Female,26.97.118.189
301,Ellsworth,Hilbourne,ehilbourne8c@jimdo.com,Male,42.232.13.28
302,Albrecht,Slowcock,aslowcock8d@posterous.com,Male,122.109.253.180
303,Addie,Geeves,ageeves8e@comsenz.com,Genderqueer,145.236.58.214
304,Sidonia,Sacks,ssacks8f@freewebs.com,Bigender,180.187.236.48
305,Alberik,Ricardou,aricardou8g@chronoengine.com,Male,193.109.199.146
306,Tiphani,Shambrook,tshambrook8h@so-net.ne.jp,Female,185.212.36.232
307,Andee,Thonger,athonger8i@bravesites.com,Female,81.224.110.210
308,Lira,Kimbell,lkimbell8j@cbslocal.com,Female,121.248.60.220
309,Lindsay,Tillett,ltillett8k@amazon.co.jp,Female,90.67.104.188
310,Robinette,O'Lenechan,rolenechan8l@fda.gov,Genderqueer,83.139.58.159
311,Dorrie,Kitchinham,dkitchinham8m@japanpost.jp,Female,206.254.230.206
312,Bobbette,Fordy,bfordy8n@baidu.com,Female,218.167.100.217
313,Brad,Carlone,bcarlone8o@netvibes.com,Male,126.104.146.142
314,Corrine,Woolham,cwoolham8p@parallels.com,Polygender,91.98.49.200
315,Perla,Boule,pboule8q@wikipedia.org,Genderfluid,193.70.194.168
316,Corrianne,Plumstead,cplumstead8r@networkadvertising.org,Female,51.88.159.187
317,Ricki,Ealden,realden8s@paginegialle.it,Female,178.169.37.101
318,Fawnia,Upcraft,fupcraft8t@shop-pro.jp,Female,174.106.42.53
319,Jasen,Freeburn,jfreeburn8u@de.vu,Male,83.237.6.181
320,Peadar,Snelling,psnelling8v@nature.com,Male,161.42.39.155
321,Nicola,Puxley,npuxley8w@printfriendly.com,Male,192.153.222.232
322,Stormie,Asbery,sasbery8x@oakley.com,Female,137.108.69.80
323,Alvis,Miner,aminer8y@nature.com,Male,210.142.9.75
324,Kevon,Ashley,kashley8z@shop-pro.jp,Male,231.94.112.40
325,Lucais,Bellson,lbellson90@aboutads.info,Male,57.224.0.159
326,Aurilia,O'Ferris,aoferris91@free.fr,Female,53.210.81.21
327,Rhody,Lawday,rlawday92@house.gov,Female,72.46.191.47
328,Mariel,Phillcox,mphillcox93@telegraph.co.uk,Female,154.15.67.212
329,Duky,Biever,dbiever94@msu.edu,Non-binary,70.190.164.67
330,Meredeth,Lodewick,mlodewick95@google.it,Male,90.112.123.190
331,Griselda,Raylton,graylton96@ucoz.com,Female,136.219.79.197
332,Cris,Ovington,covington97@auda.org.au,Female,49.240.168.212
333,Glynnis,Gosneye,ggosneye98@exblog.jp,Female,16.139.95.131
334,Orella,Gouldstraw,ogouldstraw99@wix.com,Non-binary,143.32.156.149
335,Orv,MacBey,omacbey9a@shop-pro.jp,Male,33.109.161.156
336,Bendicty,Labes,blabes9b@unc.edu,Male,76.214.222.133
337,Lev,Canet,lcanet9c@intel.com,Male,71.196.118.11
338,Elmore,Sturdy,esturdy9d@drupal.org,Male,229.187.5.119
339,Lulita,Bewsy,lbewsy9e@marketwatch.com,Female,231.181.83.232
340,Diannne,Moir,dmoir9f@webeden.co.uk,Non-binary,36.39.123.44
341,Jannelle,Greswell,jgreswell9g@tuttocitta.it,Female,88.39.160.42
342,Adrianne,Songist,asongist9h@csmonitor.com,Female,241.253.249.86
343,Dewey,Veltmann,dveltmann9i@photobucket.com,Male,235.236.170.206
344,Tris,Baughan,tbaughan9j@thetimes.co.uk,Male,61.37.171.56
345,Pedro,Le Gassick,plegassick9k@jigsy.com,Male,30.205.215.20
346,Gearard,Freezor,gfreezor9l@biglobe.ne.jp,Male,226.205.159.46
347,Morgan,Gianninotti,mgianninotti9m@moonfruit.com,Female,92.212.129.64
348,Naoma,Kynder,nkynder9n@1und1.de,Female,126.36.207.56
349,Frazer,Grancher,fgrancher9o@wordpress.com,Male,247.112.227.19
350,Donall,Matfin,dmatfin9p@paypal.com,Male,59.58.102.23
351,Paulie,Klaiser,pklaiser9q@ezinearticles.com,Male,105.212.49.140
352,Nickie,Streeter,nstreeter9r@quantcast.com,Male,102.51.104.212
353,Peggi,Aust,paust9s@wisc.edu,Female,174.101.185.64
354,Janaye,Fawks,jfawks9t@usatoday.com,Female,244.142.179.241
355,Daffi,Carlisle,dcarlisle9u@cnet.com,Female,252.193.18.122
356,Kimberly,Ebben,kebben9v@amazon.co.jp,Female,129.51.182.3
357,Cristine,Rubinowitsch,crubinowitsch9w@delicious.com,Female,92.122.37.125
358,Ly,Braunter,lbraunter9x@artisteer.com,Male,103.92.8.144
359,Reginauld,Parriss,rparriss9y@wunderground.com,Male,183.0.215.56
360,Barri,Arnaudot,barnaudot9z@stumbleupon.com,Male,160.109.142.253
361,Eberhard,Allbut,eallbuta0@themeforest.net,Genderqueer,61.54.139.240
362,Elly,Hughlock,ehughlocka1@engadget.com,Female,33.162.246.198
363,Carlos,Ledbury,cledburya2@tripod.com,Male,62.213.65.117
364,Thatcher,Saint,tsainta3@apple.com,Male,224.54.56.40
365,Leona,Bridgwood,lbridgwooda4@a8.net,Female,184.236.62.25
366,Babbie,Crockatt,bcrockatta5@t.co,Female,172.162.140.229
367,Sonnnie,Cockhill,scockhilla6@g.co,Female,205.71.201.154
368,Cece,Tribe,ctribea7@patch.com,Male,46.191.175.203
369,Kendal,McKenny,kmckennya8@huffingtonpost.com,Male,197.7.211.119
370,Alexa,Nethercott,anethercotta9@seattletimes.com,Female,105.175.70.40
371,Saunders,Billanie,sbillanieaa@tuttocitta.it,Male,6.80.85.37
372,Wait,Morgue,wmorgueab@eepurl.com,Genderqueer,216.236.30.235
373,Ludwig,Raulstone,lraulstoneac@twitter.com,Male,186.198.172.107
374,Nikos,Tace,ntacead@statcounter.com,Male,80.129.38.7
375,Nanete,Beasant,nbeasantae@statcounter.com,Female,31.11.63.138
376,Saloma,Moses,smosesaf@wp.com,Female,192.38.202.29
377,Robinetta,Manna,rmannaag@surveymonkey.com,Female,182.23.189.125
378,Karl,Gellert,kgellertah@xrea.com,Male,6.8.185.153
379,Brandon,Saladino,bsaladinoai@github.com,Male,146.5.71.201
380,Marlo,Dudbridge,mdudbridgeaj@nba.com,Female,35.231.34.254
381,Susannah,Bidder,sbidderak@tamu.edu,Female,28.111.66.169
382,Dallon,Jentle,djentleal@comsenz.com,Male,2.175.209.35
383,Avigdor,Pawle,apawleam@google.nl,Male,192.98.40.146
384,Guillaume,Ilive,gilivean@pagesperso-orange.fr,Male,34.194.252.109
385,Kinnie,Polycote,kpolycoteao@is.gd,Genderqueer,245.253.34.191
386,Barri,Jennins,bjenninsap@mediafire.com,Male,36.74.163.210
387,Nilson,Farriar,nfarriaraq@nhs.uk,Male,219.26.142.52
388,Marjie,Kirrens,mkirrensar@irs.gov,Female,19.221.79.91
389,Sam,Alexsandrov,salexsandrovas@bbc.co.uk,Female,75.93.110.60
390,Maryjo,Toffalo,mtoffaloat@canalblog.com,Genderfluid,39.126.182.172
391,Sandie,Di Ruggiero,sdiruggieroau@statcounter.com,Non-binary,199.127.207.80
392,Chas,Joontjes,cjoontjesav@dell.com,Male,235.23.121.187
393,Kahaleel,Chape,kchapeaw@dailymail.co.uk,Male,106.113.172.155
394,Cori,Georgiev,cgeorgievax@dailymotion.com,Female,11.3.122.216
395,Jarvis,Marrison,jmarrisonay@huffingtonpost.com,Male,32.220.58.230
396,Caron,Pisculli,cpisculliaz@oracle.com,Female,168.186.49.35
397,Thorstein,Yakuntzov,tyakuntzovb0@cafepress.com,Male,13.103.191.7
398,Jourdain,McKeveney,jmckeveneyb1@altervista.org,Male,232.25.30.45
399,Minni,Gandrich,mgandrichb2@nbcnews.com,Female,209.247.254.23
400,Dallon,Botley,dbotleyb3@vk.com,Male,240.7.96.44
401,Tera,Braunston,tbraunstonb4@japanpost.jp,Female,28.24.129.6
402,Shannon,Greenlees,sgreenleesb5@multiply.com,Female,126.207.202.127
403,Richart,Matson,rmatsonb6@hhs.gov,Male,86.181.123.77
404,Elizabeth,Laxon,elaxonb7@alibaba.com,Female,252.144.66.249
405,Lyda,Crosoer,lcrosoerb8@google.cn,Female,228.95.181.15
406,Gerome,Farn,gfarnb9@eventbrite.com,Male,115.164.4.252
407,Hyatt,Matys,hmatysba@digg.com,Male,122.206.153.29
408,Kelci,Pulley,kpulleybb@alibaba.com,Female,151.171.252.61
409,Darbee,Fretwell,dfretwellbc@bluehost.com,Male,193.150.77.158
410,Glenine,Beaver,gbeaverbd@furl.net,Genderqueer,11.230.246.27
411,Dorelle,Enderwick,denderwickbe@bigcartel.com,Female,33.85.76.167
412,Cortney,Abbatucci,cabbatuccibf@last.fm,Female,245.35.5.131
413,Wiley,Firk,wfirkbg@zdnet.com,Male,10.65.241.94
414,Linnell,Blazeby,lblazebybh@paginegialle.it,Female,33.150.238.178
415,Darwin,Grace,dgracebi@sitemeter.com,Male,32.160.130.228
416,Brina,Carress,bcarressbj@dyndns.org,Female,206.184.108.41
417,Royce,Fawks,rfawksbk@cafepress.com,Male,149.2.172.129
418,Auberta,Harman,aharmanbl@smugmug.com,Polygender,246.183.17.96
419,Molly,Scothron,mscothronbm@marketwatch.com,Female,22.127.57.201
420,Tulley,Mahon,tmahonbn@miitbeian.gov.cn,Male,77.183.239.84
421,Frances,Vyvyan,fvyvyanbo@cocolog-nifty.com,Female,19.221.144.157
422,Crista,Hebblethwaite,chebblethwaitebp@woothemes.com,Female,90.204.226.235
423,Jilleen,Belderfield,jbelderfieldbq@npr.org,Female,232.129.39.92
424,Fiann,Girtin,fgirtinbr@cloudflare.com,Female,91.151.73.231
425,Sal,Cradoc,scradocbs@furl.net,Female,53.128.19.125
426,Hew,Jinda,hjindabt@cafepress.com,Male,180.133.168.44
427,Berkie,Gallyhaock,bgallyhaockbu@thetimes.co.uk,Male,107.247.98.206
428,Miran,Mulholland,mmulhollandbv@1688.com,Female,225.158.200.149
429,Salmon,Limbrick,slimbrickbw@furl.net,Male,64.52.192.213
430,Kelly,Cassidy,kcassidybx@dailymail.co.uk,Female,251.116.82.166
431,Siobhan,Crichmere,scrichmereby@imgur.com,Female,14.184.197.230
432,Shurwood,Tyer,styerbz@friendfeed.com,Male,101.126.122.241
433,Falkner,Hritzko,fhritzkoc0@nature.com,Genderqueer,130.82.253.80
434,Ange,Larwood,alarwoodc1@behance.net,Female,202.45.42.182
435,Yetty,Morad,ymoradc2@goodreads.com,Female,226.206.169.71
436,Jason,Clackers,jclackersc3@nyu.edu,Male,109.113.165.36
437,Scarface,Hawtry,shawtryc4@about.com,Male,126.200.76.82
438,Maryanna,Warren,mwarrenc5@wikimedia.org,Female,14.85.117.35
439,Jo-ann,Yglesia,jyglesiac6@lulu.com,Female,200.77.60.249
440,Duffy,Frost,dfrostc7@theglobeandmail.com,Male,180.224.242.252
441,Berry,Minto,bmintoc8@indiatimes.com,Female,115.23.29.188
442,Caleb,Haseley,chaseleyc9@sina.com.cn,Male,41.178.36.211
443,Karalynn,Gainsford,kgainsfordca@toplist.cz,Female,22.231.132.244
444,Weylin,Harradence,wharradencecb@cbslocal.com,Male,50.233.39.212
445,Chrissie,Allmark,callmarkcc@yandex.ru,Female,51.226.124.106
446,Skyler,Gleeton,sgleetoncd@nba.com,Male,40.99.243.189
447,Amie,Vannet,avannetce@aboutads.info,Female,228.6.138.133
448,Munmro,Dionisetto,mdionisettocf@yandex.ru,Male,134.71.203.122
449,Suzette,Thynne,sthynnecg@census.gov,Female,219.187.171.63
450,Vern,Di Baudi,vdibaudich@ning.com,Male,79.85.85.100
451,Humfried,McKeady,hmckeadyci@fastcompany.com,Male,59.153.250.51
452,Kathrine,Ribchester,kribchestercj@gizmodo.com,Female,148.125.242.196
453,Clementina,Brass,cbrassck@de.vu,Female,69.205.138.93
454,Cicily,Stanning,cstanningcl@cbc.ca,Female,73.52.166.182
455,Conant,Brauns,cbraunscm@parallels.com,Male,189.249.41.70
456,Gabbi,Aspenlon,gaspenloncn@bing.com,Female,15.74.71.216
457,Mirabelle,Boobier,mboobierco@bandcamp.com,Female,22.62.68.184
458,Doro,Wainscoat,dwainscoatcp@gizmodo.com,Female,53.169.159.102
459,Georgine,Feares,gfearescq@prweb.com,Female,69.239.254.72
460,Currey,Perillo,cperillocr@weather.com,Male,61.223.27.136
461,Moises,Galfour,mgalfourcs@discovery.com,Polygender,62.53.3.196
462,Perkin,Hinksen,phinksenct@slashdot.org,Male,66.38.43.194
463,Aldon,Haworth,ahaworthcu@admin.ch,Genderfluid,9.163.104.43
464,Jabez,Lindenstrauss,jlindenstrausscv@pcworld.com,Male,18.40.133.53
465,Lyndy,Starsmeare,lstarsmearecw@woothemes.com,Bigender,106.197.58.107
466,Dorothee,Pittel,dpittelcx@ca.gov,Female,52.111.107.247
467,Evangelin,Joy,ejoycy@ucla.edu,Female,88.147.52.119
468,Candi,Tamburi,ctamburicz@friendfeed.com,Female,61.232.150.73
469,Ray,Dinwoodie,rdinwoodied0@storify.com,Male,127.163.200.183
470,Alvera,Trevon,atrevond1@noaa.gov,Female,163.82.54.167
471,Lucila,Brims,lbrimsd2@angelfire.com,Female,69.110.57.166
472,Adrea,Vereker,averekerd3@kickstarter.com,Female,100.86.158.136
473,Lukas,Bromley,lbromleyd4@163.com,Male,178.183.3.199
474,Sam,Belchamp,sbelchampd5@ed.gov,Male,83.123.210.106
475,Ferdie,Blackway,fblackwayd6@answers.com,Male,103.50.186.187
476,Alaster,MacGraith,amacgraithd7@yolasite.com,Male,111.193.116.168
477,Sybila,Roy,sroyd8@jimdo.com,Female,193.225.30.152
478,Lishe,Lightewood,llightewoodd9@vimeo.com,Female,225.61.61.213
479,Ara,Cogan,acoganda@devhub.com,Genderfluid,101.207.158.221
480,Clemmy,Kayes,ckayesdb@walmart.com,Male,118.110.88.43
481,Gianni,Boliver,gboliverdc@wordpress.org,Male,136.65.221.56
482,Quint,Dabernott,qdabernottdd@yelp.com,Male,71.249.236.107
483,Juanita,Gajownik,jgajownikde@google.co.jp,Female,206.224.91.14
484,Hazel,Lafee,hlafeedf@constantcontact.com,Female,187.246.208.110
485,Ermengarde,Wraggs,ewraggsdg@delicious.com,Female,69.91.223.221
486,Mervin,Balderston,mbalderstondh@google.es,Male,127.59.155.155
487,Berta,Heugel,bheugeldi@oracle.com,Female,77.21.225.248
488,Flin,Cuerda,fcuerdadj@privacy.gov.au,Male,148.63.205.55
489,Dilly,Fetherston,dfetherstondk@behance.net,Male,245.166.174.29
490,Jedediah,Moulster,jmoulsterdl@goo.ne.jp,Male,37.89.207.201
491,Corty,Northridge,cnorthridgedm@tmall.com,Male,246.231.248.61
492,Porter,Sarll,psarlldn@weibo.com,Male,184.99.112.186
493,Nannette,Gobat,ngobatdo@tuttocitta.it,Agender,1.174.91.5
494,Annelise,Esberger,aesbergerdp@altervista.org,Female,83.3.167.22
495,Theodosia,MacCrachen,tmaccrachendq@wikimedia.org,Female,143.21.40.130
496,Reggie,Summerfield,rsummerfielddr@rambler.ru,Female,189.117.212.109
497,Garnet,Pozzo,gpozzods@earthlink.net,Female,150.24.134.103
498,Leigha,Dalziell,ldalzielldt@umich.edu,Female,195.13.189.228
499,Jermaine,Hrycek,jhrycekdu@last.fm,Male,139.106.238.46
500,Blake,Woodwin,bwoodwindv@friendfeed.com,Male,107.20.129.150
501,Hector,Goodlife,hgoodlifedw@jalbum.net,Male,251.92.154.49
502,Zulema,Ousbie,zousbiedx@yolasite.com,Female,138.42.32.193
503,Ebony,Axe,eaxedy@hp.com,Female,42.15.27.18
504,Libbie,Quin,lquindz@bbb.org,Female,221.219.89.13
505,Pip,Tanner,ptannere0@microsoft.com,Male,107.30.71.214
506,Livvyy,Rumens,lrumense1@bizjournals.com,Female,150.136.35.135
507,Chicky,Bumfrey,cbumfreye2@statcounter.com,Female,34.214.160.29
508,Jacobo,Toombs,jtoombse3@meetup.com,Male,41.16.48.224
509,Alix,Crosdill,acrosdille4@cargocollective.com,Male,21.187.106.214
510,Belia,Georgelin,bgeorgeline5@deliciousdays.com,Female,127.228.251.169
511,Hoyt,Brazel,hbrazele6@surveymonkey.com,Male,71.186.34.134
512,Lurline,McNeice,lmcneicee7@biglobe.ne.jp,Female,137.18.185.171
513,Bren,Shouler,bshoulere8@msu.edu,Female,155.80.162.128
514,Feliza,Allmen,fallmene9@last.fm,Female,218.255.216.144
515,Timi,Livesey,tliveseyea@engadget.com,Female,37.90.201.77
516,Phoebe,Demangeon,pdemangeoneb@last.fm,Female,247.184.13.105
517,Crawford,Pinnocke,cpinnockeec@usatoday.com,Male,87.122.66.32
518,Alexis,Zappel,azappeled@archive.org,Female,175.8.157.3
519,Davidde,Klimushev,dklimushevee@alexa.com,Male,9.64.248.117
520,Dionne,Hurst,dhurstef@uol.com.br,Female,48.57.252.6
521,Sherri,Lansdowne,slansdowneeg@vimeo.com,Female,12.94.148.155
522,Charlene,Vondrak,cvondrakeh@census.gov,Female,59.224.118.209
523,Kahlil,Mullin,kmullinei@1und1.de,Male,207.170.3.143
524,Clotilda,Pentelow,cpentelowej@unicef.org,Female,185.228.181.198
525,Benjy,Marte,bmarteek@qq.com,Male,144.251.26.45
526,Engracia,Goligher,egoligherel@live.com,Female,203.13.150.147
527,Jarrett,Leavy,jleavyem@guardian.co.uk,Male,4.56.64.83
528,Hamlin,Tallon,htallonen@addtoany.com,Male,251.165.45.96
529,Lowell,Willets,lwilletseo@printfriendly.com,Male,59.42.239.45
530,Taylor,McGinn,tmcginnep@reverbnation.com,Male,180.248.120.95
531,Marlyn,Anderl,manderleq@theguardian.com,Female,191.110.243.83
532,Siusan,Escot,sescoter@mac.com,Female,106.72.88.71
533,Nicolais,Broek,nbroekes@ning.com,Male,68.243.216.141
534,Madelon,Snyder,msnyderet@google.ca,Female,210.240.63.166
535,Clemmy,Arnal,carnaleu@xrea.com,Male,68.198.100.123
536,Colby,Lyal,clyalev@ucsd.edu,Male,173.148.104.87
537,Kiersten,Garrity,kgarrityew@com.com,Female,200.216.163.80
538,Ramsay,Limmer,rlimmerex@weebly.com,Male,171.208.58.233
539,Lief,Wolstencroft,lwolstencroftey@nytimes.com,Bigender,208.48.165.188
540,Lori,Habbon,lhabbonez@pinterest.com,Female,238.190.192.231
541,Markus,Brend,mbrendf0@nsw.gov.au,Male,205.227.199.224
542,Franny,Woolley,fwoolleyf1@tripadvisor.com,Female,188.13.76.111
543,Kain,Seebert,kseebertf2@sun.com,Male,191.112.47.206
544,Ealasaid,Ruprich,eruprichf3@fema.gov,Female,95.49.220.235
545,Alford,Croneen,acroneenf4@live.com,Male,249.61.146.251
546,Karol,Charon,kcharonf5@indiatimes.com,Female,27.13.64.21
547,Laure,Flaxman,lflaxmanf6@timesonline.co.uk,Female,195.121.68.67
548,Clayton,Dahmke,cdahmkef7@gravatar.com,Agender,188.160.190.38
549,Von,Gajownik,vgajownikf8@bloglines.com,Male,37.97.66.131
550,Sunny,Ellingsworth,sellingsworthf9@boston.com,Female,120.3.198.212
551,Shane,Arnatt,sarnattfa@freewebs.com,Female,226.20.56.192
552,Randie,Aggott,raggottfb@xinhuanet.com,Male,177.245.88.230
553,Wally,Balkwill,wbalkwillfc@nyu.edu,Female,145.250.240.203
554,Cathy,Larimer,clarimerfd@adobe.com,Female,146.162.227.180
555,Cecilia,Placstone,cplacstonefe@goodreads.com,Bigender,147.175.85.134
556,Marrilee,Tarplee,mtarpleeff@princeton.edu,Female,3.85.160.189
557,Cesaro,Clough,ccloughfg@vimeo.com,Male,171.177.251.3
558,Karl,Robjant,krobjantfh@who.int,Male,220.31.69.53
559,Gasparo,Yurkin,gyurkinfi@squarespace.com,Agender,215.75.17.118
560,Annnora,Wegman,awegmanfj@businessweek.com,Female,35.108.100.63
561,Niven,Spandley,nspandleyfk@ehow.com,Male,96.52.24.13
562,Kristy,Pincott,kpincottfl@fema.gov,Female,186.177.11.90
563,Tobey,Graith,tgraithfm@google.com.br,Female,38.245.22.6
564,Miller,Nelsey,mnelseyfn@nature.com,Male,78.34.156.234
565,Alvinia,Crallan,acrallanfo@dmoz.org,Female,110.151.245.150
566,Georgeta,Cromblehome,gcromblehomefp@ca.gov,Female,247.80.247.43
567,Welbie,Herity,wherityfq@godaddy.com,Male,214.193.98.61
568,Floria,Vigietti,fvigiettifr@time.com,Female,29.192.121.205
569,Horst,O' Timony,hotimonyfs@cnbc.com,Male,187.77.139.41
570,Mano,Chaudret,mchaudretft@businesswire.com,Male,96.90.237.5
571,Baldwin,Belcham,bbelchamfu@buzzfeed.com,Male,228.252.173.205
572,Ira,Walsom,iwalsomfv@trellian.com,Male,6.174.96.66
573,Claudius,Ranklin,cranklinfw@example.com,Male,180.69.16.15
574,Kendal,Retallack,kretallackfx@123-reg.co.uk,Agender,57.33.172.189
575,Rebeka,Curr,rcurrfy@networkadvertising.org,Female,203.200.154.110
576,Cornelius,Goodhall,cgoodhallfz@narod.ru,Male,203.222.113.65
577,Amabelle,Chazier,achazierg0@adobe.com,Polygender,85.227.169.113
578,Katalin,Tritton,ktrittong1@cam.ac.uk,Female,182.213.122.86
579,Trudie,Mc Cahey,tmccaheyg2@hostgator.com,Female,43.76.3.15
580,Aileen,Sebyer,asebyerg3@si.edu,Female,102.27.180.35
581,Candice,Humfrey,chumfreyg4@prlog.org,Female,28.131.97.178
582,Arri,Strooband,astroobandg5@1688.com,Male,34.102.63.50
583,Tanny,Neilson,tneilsong6@businesswire.com,Male,40.162.2.5
584,Ingaberg,Nelthorpe,inelthorpeg7@princeton.edu,Female,32.73.19.139
585,Gwyneth,Listone,glistoneg8@hc360.com,Female,217.253.9.26
586,Malchy,Keningham,mkeninghamg9@va.gov,Male,67.4.170.95
587,Netta,Ransley,nransleyga@bandcamp.com,Female,4.20.92.67
588,Pauletta,Fleckness,pflecknessgb@statcounter.com,Female,225.242.122.146
589,Tedmund,Dallicott,tdallicottgc@sohu.com,Male,32.6.178.221
590,Prudence,Pinches,ppinchesgd@typepad.com,Female,104.145.214.255
591,Thane,Friese,tfriesege@diigo.com,Male,16.146.59.105
592,Fiorenze,Carleton,fcarletongf@theglobeandmail.com,Female,147.105.123.219
593,Helene,Osgar,hosgargg@elpais.com,Female,238.82.92.143
594,Rubetta,Le Hucquet,rlehucquetgh@sohu.com,Female,169.217.167.58
595,Elmira,Chalcroft,echalcroftgi@360.cn,Female,100.158.160.32
596,Silvana,Chicco,schiccogj@discovery.com,Female,105.89.71.139
597,Jerad,Goater,jgoatergk@51.la,Male,81.58.151.210
598,Giacomo,Frontczak,gfrontczakgl@ca.gov,Male,64.90.65.173
599,Wyatan,Chislett,wchislettgm@dmoz.org,Male,177.228.175.72
600,Cherlyn,Meldrum,cmeldrumgn@sbwire.com,Female,47.220.63.0
601,Rodolphe,Windress,rwindressgo@ustream.tv,Male,142.216.252.63
602,Elsworth,Eckhard,eeckhardgp@webnode.com,Male,68.113.189.178
603,Warren,Nano,wnanogq@answers.com,Male,33.5.41.210
604,Mickey,Minkin,mminkingr@auda.org.au,Male,220.131.134.155
605,Erskine,Oakley,eoakleygs@moonfruit.com,Male,72.242.84.208
606,Emylee,Hobgen,ehobgengt@hp.com,Female,28.202.125.244
607,Ewart,Grassot,egrassotgu@pen.io,Male,86.164.164.224
608,Holli,Bourdice,hbourdicegv@twitpic.com,Female,32.170.184.180
609,Pennie,Queyeiro,pqueyeirogw@stumbleupon.com,Male,101.8.80.4
610,Kendrick,Scandrett,kscandrettgx@gmpg.org,Male,32.71.56.243
611,Mimi,Huster,mhustergy@scientificamerican.com,Female,245.178.245.16
612,Joan,Rehm,jrehmgz@reference.com,Female,233.161.177.132
613,Deidre,Izzatt,dizzatth0@go.com,Female,138.159.1.41
614,Ferrell,Surguine,fsurguineh1@wufoo.com,Male,9.41.226.192
615,Aaren,Farre,afarreh2@pbs.org,Female,90.20.178.90
616,Wendeline,Drieu,wdrieuh3@mysql.com,Female,160.85.18.224
617,Latrina,Maltster,lmaltsterh4@blinklist.com,Female,79.167.124.118
618,Ashley,Mullord,amullordh5@tripadvisor.com,Polygender,183.214.242.20
619,Cristen,Lightoller,clightollerh6@shareasale.com,Female,238.129.41.208
620,Erin,Rosson,erossonh7@slate.com,Female,81.109.197.145
621,Guntar,Everall,geverallh8@whitehouse.gov,Male,159.221.176.29
622,Agustin,Earles,aearlesh9@indiatimes.com,Male,98.76.74.102
623,Vere,Blampied,vblampiedha@icio.us,Agender,255.198.9.119
624,Alicea,Walbridge,awalbridgehb@npr.org,Female,178.255.157.192
625,Teresina,Elsmor,telsmorhc@paypal.com,Genderqueer,250.85.142.35
626,Henrik,Fairbourne,hfairbournehd@hostgator.com,Male,45.223.97.108
627,Eamon,Rieger,eriegerhe@ocn.ne.jp,Agender,238.87.29.199
628,Jolee,Dunsmuir,jdunsmuirhf@comsenz.com,Female,209.25.28.82
629,Vinson,Syncke,vsynckehg@infoseek.co.jp,Male,96.63.93.7
630,Sutherland,Minnock,sminnockhh@accuweather.com,Male,28.185.225.200
631,Bank,Hancock,bhancockhi@ehow.com,Male,205.101.191.55
632,Bekki,Quarmby,bquarmbyhj@microsoft.com,Female,35.15.237.205
633,Harriet,Dimitriev,hdimitrievhk@hostgator.com,Female,68.78.139.162
634,Sally,Smithe,ssmithehl@ebay.co.uk,Female,129.48.135.76
635,Brooks,Elsworth,belsworthhm@nydailynews.com,Female,226.54.227.171
636,Row,Mc Corley,rmccorleyhn@hhs.gov,Female,154.72.30.171
637,Palm,Connar,pconnarho@shareasale.com,Male,151.123.54.54
638,Malvin,Maron,mmaronhp@archive.org,Male,119.189.169.216
639,Shea,Margetson,smargetsonhq@icio.us,Male,113.222.158.182
640,Nisse,MacTrustam,nmactrustamhr@ucla.edu,Female,93.67.157.25
641,Emylee,Terren,eterrenhs@geocities.com,Female,165.246.4.49
642,Jedd,Weiss,jweissht@nsw.gov.au,Male,205.9.81.78
643,Coop,King,ckinghu@goodreads.com,Male,52.69.175.139
644,Durant,Sedman,dsedmanhv@shop-pro.jp,Male,103.150.81.149
645,Adah,Auguste,aaugustehw@phoca.cz,Genderqueer,157.97.130.69
646,Marlena,Villaret,mvillarethx@blogger.com,Female,156.14.77.55
647,Caroljean,Howsden,chowsdenhy@tripod.com,Genderqueer,61.156.70.229
648,Junina,Gartrell,jgartrellhz@uol.com.br,Female,229.14.92.173
649,Harwell,Swine,hswinei0@gmpg.org,Male,3.144.39.216
650,Lockwood,Dulin,ldulini1@technorati.com,Male,143.108.226.62
651,Holmes,Camilletti,hcamillettii2@theguardian.com,Male,205.173.165.106
652,Alaine,Wedderburn,awedderburni3@ameblo.jp,Female,133.7.23.67
653,Lu,Bruton,lbrutoni4@elegantthemes.com,Agender,171.35.123.239
654,Gonzalo,Sparry,gsparryi5@mtv.com,Male,40.150.221.53
655,Gardner,Kinningley,gkinningleyi6@boston.com,Male,9.168.43.153
656,Bobbie,Itzcovich,bitzcovichi7@phoca.cz,Male,247.236.175.196
657,Juline,Moorrud,jmoorrudi8@imageshack.us,Polygender,232.238.158.222
658,Arturo,Avis,aavisi9@un.org,Male,38.126.50.93
659,Emelen,Adami,eadamiia@illinois.edu,Male,22.144.241.143
660,Jaimie,Leech,jleechib@wordpress.com,Male,65.211.53.61
661,Kimbell,Outlaw,koutlawic@networksolutions.com,Male,240.144.105.216
662,Wood,Madgwich,wmadgwichid@yellowbook.com,Male,173.165.108.84
663,Adelaida,Jamary,ajamaryie@timesonline.co.uk,Female,26.42.222.212
664,Scott,Bettley,sbettleyif@omniture.com,Male,183.117.191.136
665,Dix,Froom,dfroomig@craigslist.org,Female,173.51.69.37
666,Cyb,Cortnay,ccortnayih@ihg.com,Female,23.113.111.156
667,Benedetta,Epgrave,bepgraveii@google.pl,Female,209.177.95.2
668,Janina,Rablen,jrablenij@geocities.com,Genderfluid,2.150.19.155
669,Shelly,Pizer,spizerik@lulu.com,Female,98.105.247.191
670,Eldon,Carswell,ecarswellil@cnet.com,Male,246.82.51.239
671,Jasper,Guion,jguionim@intel.com,Male,121.241.115.80
672,Laurence,Coyish,lcoyishin@oaic.gov.au,Male,110.181.39.212
673,Kermy,Holborn,kholbornio@webmd.com,Male,140.227.106.182
674,Madlin,Vokes,mvokesip@cbc.ca,Female,129.2.144.184
675,Maryjane,Beek,mbeekiq@desdev.cn,Female,146.57.136.176
676,Hilario,Benzie,hbenzieir@miitbeian.gov.cn,Male,241.103.78.169
677,Dell,Wellings,dwellingsis@state.tx.us,Female,141.27.84.225
678,Lezlie,Woollard,lwoollardit@parallels.com,Female,226.81.103.157
679,Catlin,Roderighi,croderighiiu@bing.com,Female,5.54.165.30
680,Zedekiah,Lardner,zlardneriv@nbcnews.com,Bigender,91.203.72.40
681,Alard,Preece,apreeceiw@stumbleupon.com,Male,243.23.102.70
682,Derrek,Bartley,dbartleyix@hp.com,Male,232.5.248.205
683,Cleavland,Castana,ccastanaiy@sakura.ne.jp,Male,49.8.202.236
684,Valli,Strelitzer,vstrelitzeriz@about.me,Female,71.208.119.176
685,Freddie,Benedito,fbeneditoj0@sourceforge.net,Male,229.13.76.119
686,Alfy,McGivena,amcgivenaj1@oakley.com,Genderfluid,166.196.58.118
687,Brandice,Hully,bhullyj2@msu.edu,Female,246.154.198.15
688,Kellie,Booth,kboothj3@epa.gov,Female,87.156.132.129
689,Karyn,Lightbody,klightbodyj4@ask.com,Female,54.5.220.54
690,Phyllis,Cobello,pcobelloj5@dailymotion.com,Female,57.153.16.207
691,Donaugh,Johantges,djohantgesj6@ed.gov,Male,92.0.123.75
692,Muriel,Elizabeth,melizabethj7@google.ru,Female,51.146.186.50
693,Gweneth,Seath,gseathj8@technorati.com,Female,77.73.25.16
694,Vidovic,Powdrill,vpowdrillj9@imageshack.us,Male,152.191.117.48
695,Angie,Hillhouse,ahillhouseja@imdb.com,Male,233.128.20.143
696,Liam,Jessep,ljessepjb@e-recht24.de,Genderqueer,214.185.138.1
697,Quintin,Roset,qrosetjc@yahoo.com,Male,48.3.236.43
698,Saxon,Northidge,snorthidgejd@yellowpages.com,Bigender,42.188.214.97
699,Cissy,Hellis,chellisje@jimdo.com,Female,226.127.57.119
700,Nance,Banfield,nbanfieldjf@harvard.edu,Female,30.40.173.2
701,Abeu,Wyndham,awyndhamjg@blogs.com,Male,96.136.95.231
702,Kalvin,Mainland,kmainlandjh@businessweek.com,Male,178.167.56.203
703,Ki,Toppas,ktoppasji@people.com.cn,Female,97.12.91.176
704,Lory,Meadway,lmeadwayjj@cbc.ca,Genderfluid,237.28.187.131
705,Marcos,Cathrae,mcathraejk@nyu.edu,Male,71.207.73.246
706,Marla,Ziem,mziemjl@guardian.co.uk,Female,101.210.111.249
707,Germaine,Fonte,gfontejm@indiegogo.com,Female,86.110.243.192
708,Ashlin,Olyonov,aolyonovjn@ft.com,Male,235.220.132.6
709,Lars,Poulsen,lpoulsenjo@geocities.jp,Male,252.217.12.37
710,Heida,Hempshall,hhempshalljp@mlb.com,Female,150.205.4.63
711,Hubert,Deware,hdewarejq@dell.com,Male,6.142.142.120
712,Valerye,Eskrigge,veskriggejr@goo.gl,Female,226.35.33.243
713,Rosetta,Brosenius,rbroseniusjs@cmu.edu,Polygender,29.33.188.146
714,Llywellyn,Warlawe,lwarlawejt@salon.com,Male,179.82.85.42
715,Kania,Bursell,kbursellju@vinaora.com,Female,192.84.174.194
716,Nessie,Fraser,nfraserjv@sitemeter.com,Female,226.147.172.222
717,Blythe,Gawne,bgawnejw@tmall.com,Female,11.76.48.42
718,Annamarie,Weedall,aweedalljx@unc.edu,Genderqueer,207.181.188.160
719,Dane,Killock,dkillockjy@sina.com.cn,Male,10.81.161.206
720,Josh,Ommanney,jommanneyjz@desdev.cn,Male,104.185.56.232
721,Maggee,Couve,mcouvek0@tumblr.com,Female,150.27.157.147
722,Kellia,Drewe,kdrewek1@yandex.ru,Female,218.4.20.47
723,Reginauld,Addess,raddessk2@state.tx.us,Male,198.76.254.166
724,Clair,Hoodless,choodlessk3@latimes.com,Bigender,76.103.211.154
725,Dorothea,Jurca,djurcak4@epa.gov,Female,168.222.215.204
726,Regan,Winchcombe,rwinchcombek5@adobe.com,Male,227.143.201.135
727,Marget,Colquit,mcolquitk6@va.gov,Female,113.246.224.157
728,Rozanna,Hasnip,rhasnipk7@yahoo.com,Female,31.50.197.102
729,Bamby,Badgers,bbadgersk8@huffingtonpost.com,Female,120.56.102.50
730,Ariel,Cranch,acranchk9@yale.edu,Male,104.24.136.26
731,Kelvin,Brayshay,kbrayshayka@miibeian.gov.cn,Male,34.44.109.162
732,Cam,Vooght,cvooghtkb@mit.edu,Male,194.180.53.26
733,Domeniga,Crux,dcruxkc@un.org,Female,209.121.133.149
734,Pierce,Rolf,prolfkd@pinterest.com,Male,143.194.232.28
735,Whitney,Madsen,wmadsenke@networkadvertising.org,Male,81.199.51.122
736,Harcourt,McGrorty,hmcgrortykf@jimdo.com,Male,103.148.81.241
737,Cos,Duckham,cduckhamkg@about.me,Male,92.94.38.160
738,Adrianne,Warham,awarhamkh@hugedomains.com,Female,3.254.187.56
739,Phillipe,Bartke,pbartkeki@boston.com,Non-binary,172.22.129.218
740,Pat,Devons,pdevonskj@tinyurl.com,Male,224.194.230.212
741,Burnard,Banke,bbankekk@infoseek.co.jp,Male,4.162.8.5
742,Ardra,Ginman,aginmankl@engadget.com,Female,106.109.71.63
743,Cliff,Grevile,cgrevilekm@tuttocitta.it,Male,187.3.217.107
744,Carolyn,Beedon,cbeedonkn@cdbaby.com,Female,214.138.133.233
745,Walther,Tuite,wtuiteko@apache.org,Male,46.180.116.60
746,Bond,Owlner,bowlnerkp@jiathis.com,Male,146.227.129.225
747,Eleen,Papen,epapenkq@who.int,Female,71.239.197.64
748,Clemmy,Pozzo,cpozzokr@yellowbook.com,Female,107.207.33.65
749,Alric,Callington,acallingtonks@booking.com,Male,70.11.166.87
750,Aldrich,Scandred,ascandredkt@globo.com,Male,69.77.228.120
751,Delano,Fomichkin,dfomichkinku@smh.com.au,Male,98.101.124.203
752,Annora,Luff,aluffkv@fastcompany.com,Agender,125.235.6.53
753,Jasen,Sabate,jsabatekw@fda.gov,Non-binary,167.72.131.175
754,Melisse,Startin,mstartinkx@github.io,Female,213.120.83.46
755,Estele,Sabin,esabinky@baidu.com,Female,66.130.100.74
756,Ada,Arnefield,aarnefieldkz@hao123.com,Female,96.71.41.184
757,Sanders,Spavins,sspavinsl0@example.com,Male,180.95.225.72
758,Alvera,Labin,alabinl1@desdev.cn,Female,177.238.57.77
759,Ansell,Beretta,aberettal2@reverbnation.com,Male,210.80.233.38
760,Kim,Gleed,kgleedl3@cpanel.net,Female,80.70.2.47
761,Dory,Nanelli,dnanellil4@vistaprint.com,Male,232.40.12.92
762,Karlene,Cabane,kcabanel5@blogger.com,Female,230.117.32.107
763,Dorice,Mattosoff,dmattosoffl6@dedecms.com,Female,177.219.120.240
764,Charmane,Quincee,cquinceel7@photobucket.com,Female,207.130.30.71
765,Garv,Breukelman,gbreukelmanl8@time.com,Male,82.198.99.3
766,June,Rugiero,jrugierol9@github.io,Female,188.209.163.96
767,Cam,Nineham,cninehamla@cpanel.net,Female,167.190.34.51
768,Massimiliano,Pimerick,mpimericklb@kickstarter.com,Male,26.244.203.27
769,Olly,Matyugin,omatyuginlc@state.gov,Male,26.183.246.121
770,Shannon,Roizn,sroiznld@scientificamerican.com,Male,221.247.92.173
771,Kelby,Champ,kchample@illinois.edu,Male,227.203.14.145
772,Tarrah,Neild,tneildlf@cpanel.net,Female,199.220.69.81
773,Alys,Spellworth,aspellworthlg@marketwatch.com,Female,170.221.63.231
774,Irvin,Wilce,iwilcelh@microsoft.com,Male,14.250.80.173
775,Nana,Plank,nplankli@narod.ru,Genderfluid,10.5.11.117
776,Baxy,Dillimore,bdillimorelj@amazon.de,Male,234.175.119.168
777,Kelsy,Roby,krobylk@behance.net,Female,141.64.223.245
778,Lory,Brafield,lbrafieldll@wikimedia.org,Female,229.112.164.4
779,Dulcinea,Brahm,dbrahmlm@nbcnews.com,Female,153.118.8.177
780,Fania,Fullom,ffullomln@noaa.gov,Female,110.250.69.208
781,Jason,Fawlks,jfawlkslo@squidoo.com,Male,164.100.105.29
782,Patricio,Carmen,pcarmenlp@icio.us,Male,70.187.130.129
783,Cass,Gingedale,cgingedalelq@wsj.com,Female,26.238.24.112
784,Nancie,Pardoe,npardoelr@salon.com,Female,12.188.172.177
785,Willem,O' Kelleher,wokelleherls@cdc.gov,Male,231.222.223.63
786,Loralyn,Clackson,lclacksonlt@si.edu,Female,102.53.151.146
787,Jeri,Gulk,jgulklu@ovh.net,Genderfluid,203.15.40.191
788,Jareb,Ferras,jferraslv@trellian.com,Male,218.140.236.122
789,Bailie,Keesman,bkeesmanlw@1688.com,Male,255.93.15.236
790,Dody,Beldam,dbeldamlx@dropbox.com,Female,112.251.114.201
791,Cam,Orneblow,corneblowly@forbes.com,Female,248.39.106.84
792,Caresse,Fidgin,cfidginlz@delicious.com,Female,216.116.203.110
793,Scarface,Rolland,srollandm0@jimdo.com,Male,244.52.25.160
794,Kristo,Souza,ksouzam1@icq.com,Male,85.167.247.133
795,Bertrando,Tuffell,btuffellm2@apple.com,Male,170.153.220.94
796,Wilfred,Dorgon,wdorgonm3@topsy.com,Male,237.33.122.36
797,Zena,Hinrich,zhinrichm4@people.com.cn,Female,40.23.58.215
798,Abagail,Berston,aberstonm5@geocities.com,Female,104.24.67.19
799,Khalil,Turbard,kturbardm6@wordpress.org,Male,8.210.4.79
800,Mickie,Kendall,mkendallm7@studiopress.com,Genderfluid,105.103.246.139
801,Dudley,Lambal,dlambalm8@chicagotribune.com,Male,243.117.210.241
802,Dewie,Pozer,dpozerm9@elegantthemes.com,Male,91.223.28.63
803,Noach,Gullam,ngullamma@hc360.com,Male,248.207.119.146
804,Engracia,Acott,eacottmb@mlb.com,Female,192.107.132.51
805,Percy,McLaren,pmclarenmc@answers.com,Male,2.137.231.112
806,Si,Drissell,sdrissellmd@printfriendly.com,Male,115.35.36.108
807,Deirdre,Babbs,dbabbsme@1und1.de,Genderfluid,50.48.254.186
808,Juliette,Deignan,jdeignanmf@woothemes.com,Female,125.80.96.36
809,Norry,Grzeszczyk,ngrzeszczykmg@symantec.com,Male,173.21.238.50
810,Dallon,Eckart,deckartmh@alexa.com,Male,213.140.117.139
811,Ludwig,Grimme,lgrimmemi@myspace.com,Polygender,15.78.235.173
812,Sileas,Broadwell,sbroadwellmj@google.fr,Female,196.3.129.115
813,Claiborne,Suddaby,csuddabymk@qq.com,Male,67.173.72.211
814,Estrella,Mollen,emollenml@businesswire.com,Female,176.5.6.163
815,Cchaddie,Crosher,ccroshermm@discovery.com,Male,222.205.231.191
816,Rachelle,McDougald,rmcdougaldmn@usatoday.com,Female,19.236.182.58
817,Kaile,Mathissen,kmathissenmo@ifeng.com,Female,135.192.111.66
818,Bernita,Dami,bdamimp@wordpress.com,Non-binary,86.146.82.45
819,Kellyann,Cartwight,kcartwightmq@economist.com,Female,235.7.187.135
820,Eran,Tupie,etupiemr@usda.gov,Female,65.206.175.133
821,Davin,Peto,dpetoms@tuttocitta.it,Genderqueer,166.86.90.102
822,Lory,Ronayne,lronaynemt@nifty.com,Female,131.153.166.164
823,Quinn,Wittrington,qwittringtonmu@aboutads.info,Female,83.0.143.91
824,Win,Marle,wmarlemv@yellowbook.com,Male,182.189.139.198
825,Essa,Grigg,egriggmw@dyndns.org,Female,163.190.110.167
826,Pieter,Halksworth,phalksworthmx@wordpress.org,Male,219.122.21.147
827,Gilberto,Holbarrow,gholbarrowmy@state.tx.us,Male,54.35.78.121
828,Sybila,Nealey,snealeymz@ow.ly,Female,187.184.84.249
829,Darin,Fendt,dfendtn0@google.nl,Male,146.138.211.190
830,Bogey,Cluely,bcluelyn1@zimbio.com,Male,151.20.145.237
831,Shannon,Arboin,sarboinn2@yellowbook.com,Male,175.92.9.188
832,Luelle,Durkin,ldurkinn3@time.com,Female,152.238.165.150
833,Yuma,Starkings,ystarkingsn4@chron.com,Male,119.83.7.166
834,Felecia,Huxster,fhuxstern5@ustream.tv,Female,187.36.28.94
835,Reinhold,Burtenshaw,rburtenshawn6@prlog.org,Male,16.222.213.215
836,Siegfried,Dumblton,sdumbltonn7@typepad.com,Male,174.222.77.139
837,Ram,Stenner,rstennern8@tripadvisor.com,Male,200.14.251.197
838,Kendal,Slowgrave,kslowgraven9@netvibes.com,Male,59.17.117.29
839,Brnaby,Gauvain,bgauvainna@issuu.com,Male,57.10.199.102
840,Dierdre,Mulcahy,dmulcahynb@nature.com,Female,167.131.29.198
841,Mag,Talmadge,mtalmadgenc@baidu.com,Female,50.12.238.147
842,Karalynn,Rodbourne,krodbournend@discuz.net,Female,218.242.15.143
843,Fancy,O'Carrol,focarrolne@ebay.co.uk,Female,189.241.57.224
844,Barnard,Vollam,bvollamnf@wikispaces.com,Male,90.138.107.53
845,Shaine,Veschambre,sveschambreng@bigcartel.com,Female,96.203.22.222
846,Frazier,Sertin,fsertinnh@theguardian.com,Male,57.250.96.171
847,Lamont,Zupa,lzupani@mac.com,Male,101.33.47.75
848,Robinetta,Kulicke,rkulickenj@disqus.com,Genderfluid,191.106.168.148
849,Ingra,Risom,irisomnk@people.com.cn,Male,207.97.31.239
850,Monah,Doole,mdoolenl@blogger.com,Female,124.11.178.49
851,Rebeca,Ciubutaro,rciubutaronm@toplist.cz,Female,205.201.235.115
852,Caty,Havock,chavocknn@sphinn.com,Female,122.161.53.189
853,Artemis,Grix,agrixno@simplemachines.org,Male,149.165.75.214
854,Berkie,Ratledge,bratledgenp@dion.ne.jp,Male,94.223.132.246
855,Kalli,Coorington,kcooringtonnq@netlog.com,Female,82.78.89.3
856,Patrizio,Mattschas,pmattschasnr@google.ru,Male,171.241.171.237
857,Wilmette,Swancott,wswancottns@usda.gov,Female,244.79.162.196
858,Kalinda,Jewel,kjewelnt@un.org,Female,137.184.250.115
859,Vittoria,Harriss,vharrissnu@telegraph.co.uk,Female,101.204.139.54
860,Winston,Como,wcomonv@ow.ly,Male,24.241.109.25
861,Tobe,Bloore,tbloorenw@ycombinator.com,Male,5.183.214.60
862,Melinda,Lamming,mlammingnx@purevolume.com,Non-binary,139.212.43.206
863,Hall,Halley,hhalleyny@vistaprint.com,Male,89.100.114.51
864,Sissy,Aldis,saldisnz@vimeo.com,Female,78.127.200.114
865,Bernarr,Pennings,bpenningso0@joomla.org,Male,31.155.128.35
866,Mari,Rapin,mrapino1@exblog.jp,Female,175.92.220.27
867,Jamal,Ekell,jekello2@spiegel.de,Male,1.83.12.115
868,Andreas,Budgey,abudgeyo3@amazon.co.uk,Male,93.220.192.111
869,Gardner,Wooller,gwoollero4@arstechnica.com,Genderqueer,180.141.48.170
870,Lanni,Parchment,lparchmento5@mit.edu,Female,20.87.255.8
871,Davon,O'Fergus,doferguso6@slashdot.org,Male,209.6.194.100
872,Agnesse,Basilotta,abasilottao7@unesco.org,Female,189.53.218.156
873,Celene,Gianetti,cgianettio8@berkeley.edu,Female,64.108.110.112
874,Nilson,Batty,nbattyo9@ycombinator.com,Male,118.197.109.18
875,Edy,Angeli,eangelioa@jugem.jp,Female,32.19.165.168
876,Clemente,Try,ctryob@icio.us,Male,61.40.208.172
877,Eloisa,Mattiuzzi,emattiuzzioc@php.net,Female,22.164.9.8
878,Ree,McAdam,rmcadamod@adobe.com,Female,199.118.188.205
879,Waneta,McIllroy,wmcillroyoe@networkadvertising.org,Female,198.162.246.121
880,Giulietta,Binnion,gbinnionof@istockphoto.com,Female,121.70.126.61
881,Violetta,Mewha,vmewhaog@prnewswire.com,Female,114.249.89.156
882,Orren,Benko,obenkooh@theguardian.com,Male,44.77.152.145
883,Gilbert,MacNulty,gmacnultyoi@prnewswire.com,Male,132.23.150.163
884,Elden,Braybrook,ebraybrookoj@zdnet.com,Male,96.189.94.59
885,Joletta,Tabert,jtabertok@mit.edu,Female,5.238.152.105
886,Diego,Winslett,dwinslettol@archive.org,Male,56.95.105.134
887,Caty,Bengle,cbengleom@blogtalkradio.com,Female,213.64.194.217
888,Judas,Draxford,jdraxfordon@comsenz.com,Male,184.201.181.45
889,Hattie,Rubes,hrubesoo@upenn.edu,Female,138.7.149.127
890,Gabbie,Headrick,gheadrickop@1688.com,Female,61.252.206.201
891,Asher,Haveline,ahavelineoq@blogspot.com,Male,93.37.161.55
892,Sloane,O'Hanley,sohanleyor@e-recht24.de,Male,198.216.90.9
893,Nikki,Langdridge,nlangdridgeos@nbcnews.com,Male,144.91.248.135
894,Elmer,Klousner,eklousnerot@delicious.com,Male,162.204.163.17
895,Bax,Cantos,bcantosou@ask.com,Male,194.56.25.69
896,Revkah,Follis,rfollisov@g.co,Female,121.87.61.179
897,Corabel,Habbin,chabbinow@webeden.co.uk,Female,138.97.121.180
898,Christal,Jozaitis,cjozaitisox@pagesperso-orange.fr,Female,100.243.110.96
899,Titus,Polhill,tpolhilloy@alexa.com,Male,222.96.58.235
900,Inger,Fury,ifuryoz@sciencedirect.com,Female,49.171.148.19
901,Decca,Waulker,dwaulkerp0@goodreads.com,Male,200.233.160.104
902,Parry,Knightsbridge,pknightsbridgep1@soundcloud.com,Genderfluid,237.184.216.118
903,Giles,Oke,gokep2@blogs.com,Male,148.47.154.176
904,Georg,Dyet,gdyetp3@cargocollective.com,Male,168.146.62.198
905,Dane,Satterthwaite,dsatterthwaitep4@4shared.com,Male,208.57.79.245
906,Aloisia,Dael,adaelp5@deviantart.com,Polygender,65.148.227.51
907,Walton,Nangle,wnanglep6@skype.com,Male,142.185.226.21
908,Gretna,Caslin,gcaslinp7@weibo.com,Female,217.196.24.69
909,Beverlee,Argente,bargentep8@cnbc.com,Female,35.134.86.89
910,Rosamund,Drinan,rdrinanp9@alibaba.com,Female,136.147.173.104
911,Aurora,Aronsohn,aaronsohnpa@hexun.com,Female,112.158.250.246
912,Aldus,Dyter,adyterpb@github.io,Male,82.46.60.244
913,Lizette,Cochrane,lcochranepc@yellowbook.com,Female,87.151.24.167
914,Chan,Todhunter,ctodhunterpd@comcast.net,Male,177.127.181.20
915,Ferdy,Axon,faxonpe@netlog.com,Male,13.218.58.1
916,Emmit,Beckson,ebecksonpf@studiopress.com,Male,79.80.13.85
917,Mollie,Iori,mioripg@usda.gov,Female,15.33.244.162
918,Quintilla,Baily,qbailyph@cdbaby.com,Female,35.238.243.132
919,Kippy,Ewer,kewerpi@msn.com,Female,144.249.209.52
920,Jasper,Giordano,jgiordanopj@hexun.com,Male,159.112.60.246
921,Madella,Storre,mstorrepk@salon.com,Female,55.95.122.18
922,Mordecai,Tulip,mtulippl@mediafire.com,Male,115.5.101.228
923,Deerdre,Newart,dnewartpm@cdbaby.com,Female,137.72.110.11
924,Jo,Siggee,jsiggeepn@constantcontact.com,Male,42.154.170.103
925,Blondell,Toseland,btoselandpo@hud.gov,Female,91.102.243.246
926,Dyan,Priscott,dpriscottpp@parallels.com,Female,250.248.142.253
927,Bettina,Hammon,bhammonpq@apple.com,Female,205.71.39.213
928,Regen,Sawell,rsawellpr@foxnews.com,Male,19.65.177.178
929,Rivy,Kuhl,rkuhlps@wikipedia.org,Female,46.49.97.222
930,Kele,Hayfield,khayfieldpt@blog.com,Male,74.11.43.69
931,Carmine,Autry,cautrypu@forbes.com,Genderqueer,51.122.103.184
932,Toni,Goodfield,tgoodfieldpv@canalblog.com,Female,20.219.136.165
933,See,Burtenshaw,sburtenshawpw@ucla.edu,Male,127.242.158.114
934,Sigismund,Grugerr,sgrugerrpx@discovery.com,Bigender,135.150.3.154
935,Des,Edmeads,dedmeadspy@ucoz.ru,Male,53.125.27.228
936,Gerald,Rheubottom,grheubottompz@deliciousdays.com,Male,218.114.250.197
937,Deidre,Tylor,dtylorq0@google.pl,Female,94.99.220.226
938,Mart,Truscott,mtruscottq1@howstuffworks.com,Male,45.72.188.223
939,Karylin,McKain,kmckainq2@earthlink.net,Female,179.183.97.53
940,Gwenette,Ruxton,gruxtonq3@zimbio.com,Female,148.244.225.249
941,Ermengarde,Crabbe,ecrabbeq4@yandex.ru,Female,3.224.0.80
942,Frazer,Comoletti,fcomolettiq5@ft.com,Male,82.246.58.144
943,Em,Brinkman,ebrinkmanq6@friendfeed.com,Male,18.193.53.98
944,Angel,Kelsall,akelsallq7@wired.com,Male,112.149.246.83
945,Phillie,Johnke,pjohnkeq8@miibeian.gov.cn,Female,220.202.139.66
946,Alphonso,Lghan,alghanq9@chicagotribune.com,Male,217.11.116.172
947,Robers,Antoinet,rantoinetqa@w3.org,Male,205.86.105.102
948,Olly,Fouracre,ofouracreqb@jigsy.com,Male,28.250.124.185
949,Teresina,Kubelka,tkubelkaqc@xinhuanet.com,Female,2.222.84.225
950,Kristopher,Storrie,kstorrieqd@cyberchimps.com,Male,26.225.206.159
951,Sula,Crowden,scrowdenqe@java.com,Female,138.50.232.123
952,Dulcia,Spalding,dspaldingqf@ifeng.com,Female,247.188.249.202
953,Orran,Jolliman,ojollimanqg@jimdo.com,Male,230.106.219.120
954,Rosalie,Mustoo,rmustooqh@yolasite.com,Female,151.104.250.78
955,Maddie,Honnicott,mhonnicottqi@state.gov,Polygender,230.117.209.181
956,Miranda,Butting,mbuttingqj@bravesites.com,Female,120.75.7.228
957,Davis,Fernely,dfernelyqk@dot.gov,Male,161.199.225.36
958,Ruben,Scholes,rscholesql@symantec.com,Male,59.185.156.124
959,Janenna,O'Fogerty,jofogertyqm@trellian.com,Female,151.220.140.232
960,Jeff,Dalli,jdalliqn@rediff.com,Male,56.30.53.245
961,Veronica,Bricket,vbricketqo@ovh.net,Female,55.17.172.36
962,Robinet,Biagioni,rbiagioniqp@slate.com,Male,160.165.73.65
963,Berkeley,O'Donoghue,bodonoghueqq@4shared.com,Male,223.141.235.14
964,Adriaens,Cuff,acuffqr@java.com,Non-binary,104.143.102.13
965,Miller,McGrowther,mmcgrowtherqs@blinklist.com,Male,121.7.19.135
966,Bernie,McKintosh,bmckintoshqt@uiuc.edu,Male,47.217.67.228
967,Ryun,Leband,rlebandqu@alibaba.com,Male,5.53.18.145
968,Ernie,MacKomb,emackombqv@1und1.de,Male,151.97.168.221
969,Ring,Bladen,rbladenqw@dmoz.org,Male,225.236.54.240
970,Bonny,Coneley,bconeleyqx@com.com,Female,125.189.35.137
971,Dre,Wybrow,dwybrowqy@baidu.com,Female,152.63.80.91
972,Gallagher,Graves,ggravesqz@weather.com,Male,102.101.195.210
973,Kira,Godly,kgodlyr0@youtube.com,Female,70.179.171.61
974,Yehudi,Farloe,yfarloer1@weather.com,Male,27.48.66.172
975,Jodee,Sindell,jsindellr2@g.co,Female,187.65.59.122
976,Leigh,Davidove,ldavidover3@wikipedia.org,Female,40.116.219.9
977,Nolana,Renzullo,nrenzullor4@mediafire.com,Female,24.8.186.254
978,Willetta,Renac,wrenacr5@zimbio.com,Female,104.100.197.63
979,Nels,Flexman,nflexmanr6@thetimes.co.uk,Male,193.229.135.98
980,Lynna,Bruneau,lbruneaur7@statcounter.com,Polygender,135.74.177.215
981,Kurt,Swanborough,kswanboroughr8@wsj.com,Male,20.166.64.131
982,Kendricks,Spooner,kspoonerr9@unblog.fr,Male,132.32.23.214
983,Yurik,Brithman,ybrithmanra@google.com,Male,118.214.30.168
984,Ninnette,Paolini,npaolinirb@exblog.jp,Female,82.78.75.118
985,Elston,Ricioppo,ericiopporc@taobao.com,Male,98.125.176.103
986,Andromache,Hooks,ahooksrd@w3.org,Non-binary,241.47.228.108
987,Waverley,Richardot,wrichardotre@yahoo.com,Male,42.124.199.192
988,Corilla,Snowding,csnowdingrf@bing.com,Polygender,116.71.220.182
989,Devlen,Heasley,dheasleyrg@t.co,Non-binary,93.10.110.59
990,Georgy,Danforth,gdanforthrh@behance.net,Male,44.130.10.90
991,Melvyn,Waind,mwaindri@xing.com,Male,191.134.147.46
992,Sianna,Nolda,snoldarj@hc360.com,Female,89.114.174.231
993,Simone,Keller,skellerrk@prnewswire.com,Male,52.237.227.235
994,Sybille,Ajsik,sajsikrl@noaa.gov,Female,54.255.92.124
995,Wendall,Shillaber,wshillaberrm@hhs.gov,Male,76.123.245.70
996,Terrye,Caw,tcawrn@ask.com,Female,116.174.77.105
997,Jeffy,Stilldale,jstilldalero@themeforest.net,Male,102.126.53.203
998,Vincent,Duthie,vduthierp@e-recht24.de,Male,222.200.148.178
999,Joli,MacMorland,jmacmorlandrq@live.com,Female,6.208.93.183
1000,Alleen,Cubbini,acubbinirr@msu.edu,Female,138.241.47.178
/n New line added